LoanPerformanceID,BankID,BankName,Date,LoanCategory,LoanInterestRate,LoanVolume,DefaultRate,Profitability,InflationRate,UnemploymentRate,GDPGrowthRate,HomePriceIndex,ID,BusinessConfidenceIndex,IndustrialProduction,EnergySectorPerformance,ID_CRE,PropertyPrices,VacancyRates,RentGrowthRates,ID_Mortgage,HomePriceIndex_Mortgage,ForeclosureRates,HousingInventory,ID_Construction,ConstructionSpending,BuildingPermitsIssued,CommodityPrices,Year
1,14,Bank 1,1997-01-31,C&I,8.543140062291126,181418.54565984412,1.7839343626882878,7.638536391160515,159.4,5.7,860046.9,136.87,,,,,,,,,,,,,,,,,1997
2,7,Bank 2,1997-02-28,Retail,3.582031290230775,826453.7761553227,4.4379154955238365,0.7860020208278323,,,,,,,,,,,,,,,,,,,,,1997
3,24,Bank 3,1997-03-31,CRE,2.1570136778604834,902566.1489931112,1.5258927180542294,9.272869809190487,,,,,,,,,,,,,,,,,,,,,1997
4,9,Bank 4,1997-04-30,CRE,4.401205526845017,738298.7291887354,3.2695008425513277,4.13146187160197,,,,,,,,,,,,,,,,,,,,,1997
5,11,Bank 5,1997-05-31,CRE,6.7794111238485995,988700.6000034425,3.022297474004931,9.023014706962353,,,,,,,,,,,,,,,,,,,,,1997
6,4,Bank 6,1997-06-30,Mortgage,6.1972046496893425,287701.6691040715,4.8893552538145855,0.6553717543868699,,,,,,,,,,,,,,,,,,,,,1997
7,7,Bank 7,1997-07-31,Mortgage,3.8929199368526017,325587.5533486438,4.086657992573569,6.349770535591514,,,,,,,,,,,,,,,,,,,,,1997
8,8,Bank 8,1997-08-31,Retail,9.366031384192148,911801.310887061,3.5315762788740326,1.8249419401580167,,,,,,,,,,,,,,,,,,,,,1997
9,43,Bank 9,1997-09-30,Construction,2.015342527398537,910975.547316007,2.0799655231543985,5.342386837537557,,,,,,,,,,,,,,,,,,,,,1997
10,24,Bank 10,1997-10-31,Mortgage,4.272716019993306,642176.7615353026,3.4898420539315196,4.722355161801804,,,,,,,,,,,,,,,,,,,,,1997
11,19,Bank 11,1997-11-30,C&I,8.425146002046333,529375.6417469173,4.9326426732081705,9.97140985023808,,,,,,,,,,,,,,,,,,,,,1997
12,50,Bank 12,1997-12-31,Construction,7.609438226420842,756734.8119801859,4.682048539683602,3.0973087191132933,,,,,,,,,,,,,,,,,,,,,1997
13,12,Bank 13,1998-01-31,Retail,5.684286531997627,672078.9518806079,4.461184749716926,9.835252644262892,162.0,4.9,920059.6,143.08,,,,,,,,,,,,,,,,,1998
14,47,Bank 14,1998-02-28,CRE,6.0826360573831915,534844.3475087944,2.3215144225438986,5.960509705989616,,,,,,,,,,,,,,,,,,,,,1998
15,25,Bank 15,1998-03-31,Mortgage,5.873909488995929,200034.30614458484,4.384450127908581,3.188283198332666,,,,,,,,,,,,,,,,,,,,,1998
16,45,Bank 16,1998-04-30,Retail,5.854504846061949,814138.2799273019,1.225924978708867,3.7335231213250792,,,,,,,,,,,,,,,,,,,,,1998
17,31,Bank 17,1998-05-31,Construction,7.163015728896855,586023.7678748285,1.8883090100383122,7.592632130541431,,,,,,,,,,,,,,,,,,,,,1998
18,16,Bank 18,1998-06-30,Mortgage,9.935981987214273,228453.37695916448,3.7747109156044973,5.7138236210258055,,,,,,,,,,,,,,,,,,,,,1998
19,24,Bank 19,1998-07-31,C&I,2.4265747294283297,457731.1851528575,3.8132513823590295,2.2663273776342248,,,,,,,,,,,,,,,,,,,,,1998
20,29,Bank 20,1998-08-31,Mortgage,4.54755410721926,852024.1689071318,3.87204401404403,3.449790149830963,,,,,,,,,,,,,,,,,,,,,1998
21,8,Bank 21,1998-09-30,CRE,4.578669198850467,659994.4135753895,3.05164803945795,6.4646175476674195,,,,,,,,,,,,,,,,,,,,,1998
22,32,Bank 22,1998-10-31,M&A,4.546196303879263,359372.51500733563,1.8256501388874966,6.897801361132291,,,,,,,,,,,,,,,,,,,,,1998
23,49,Bank 23,1998-11-30,C&I,9.322673787336207,285355.6641040842,1.7309208175150002,4.410334297689873,,,,,,,,,,,,,,,,,,,,,1998
24,48,Bank 24,1998-12-31,CRE,7.096245203216023,125889.02528961004,0.8026176065321632,0.9475914028801581,,,,,,,,,,,,,,,,,,,,,1998
25,1,Bank 25,1999-01-31,Retail,7.810221922595236,315113.901016416,0.6623438687306892,3.998942262343615,164.7,4.7,957247.2,149.39,,,,,,,,,,,,,,,,,1999
26,23,Bank 26,1999-02-28,Construction,7.110281755098444,517221.5784060513,2.657616284731764,4.816839828055751,,,,,,,,,,,,,,,,,,,,,1999
27,7,Bank 27,1999-03-31,Mortgage,8.978423842072612,511570.2734807418,1.9403934660938753,0.7807383793075235,,,,,,,,,,,,,,,,,,,,,1999
28,27,Bank 28,1999-04-30,C&I,8.769713255039132,567388.1600989616,3.4226079475828723,2.739563317114127,,,,,,,,,,,,,,,,,,,,,1999
29,31,Bank 29,1999-05-31,Mortgage,8.698604484024806,503130.00013754476,1.1876400921817392,0.806700612741299,,,,,,,,,,,,,,,,,,,,,1999
30,1,Bank 30,1999-06-30,C&I,5.11196039059992,579017.5666947952,3.553636227285028,5.6298559593625805,,,,,,,,,,,,,,,,,,,,,1999
31,21,Bank 31,1999-07-31,CRE,2.0769142585601967,890877.452898762,2.6841645787312602,4.710437261557904,,,,,,,,,,,,,,,,,,,,,1999
32,14,Bank 32,1999-08-31,M&A,2.6568040254662213,230540.67871627596,3.412786066362418,3.178407253864232,,,,,,,,,,,,,,,,,,,,,1999
33,23,Bank 33,1999-09-30,Retail,7.485656289274146,971285.1960316722,2.521717914810841,5.856344677986017,,,,,,,,,,,,,,,,,,,,,1999
34,17,Bank 34,1999-10-31,Mortgage,6.754229007674059,236808.23952247042,4.206270123415385,1.742806691598344,,,,,,,,,,,,,,,,,,,,,1999
35,50,Bank 35,1999-11-30,C&I,2.0279714824718766,833568.4023096313,3.350908308237273,0.9003474446323431,,,,,,,,,,,,,,,,,,,,,1999
36,38,Bank 36,1999-12-31,C&I,3.6584285728317107,567305.9656354293,1.4231370899160076,6.6281832742857585,,,,,,,,,,,,,,,,,,,,,1999
37,22,Bank 37,2000-01-31,Mortgage,7.126388284901204,766497.4625704698,2.7972656294704867,2.3139759030230778,169.3,4.7,989904.9,158.96,,,,,,,,,,,,,,,,,2000
38,44,Bank 38,2000-02-29,C&I,2.9916763510311934,536034.6883079606,4.912621773143882,9.388855430742124,,,,,,,,,,,,,,,,,,,,,2000
39,49,Bank 39,2000-03-31,Mortgage,7.901399911833777,527287.4619585836,3.266364650760116,6.896604929471286,,,,,,,,,,,,,,,,,,,,,2000
40,14,Bank 40,2000-04-30,Mortgage,2.242171019530301,840210.2762844092,1.7476650649555912,4.470366204894662,,,,,,,,,,,,,,,,,,,,,2000
41,43,Bank 41,2000-05-31,Construction,2.9320145607002255,405412.4643867795,4.1038303589036405,1.7732905950765248,,,,,,,,,,,,,,,,,,,,,2000
42,44,Bank 42,2000-06-30,Retail,9.135992425760145,305006.2390895297,4.240839110759055,6.004452284214576,,,,,,,,,,,,,,,,,,,,,2000
43,2,Bank 43,2000-07-31,Retail,2.5120208905947194,765665.1822912435,1.6737841697381826,3.1636902143383967,,,,,,,,,,,,,,,,,,,,,2000
44,5,Bank 44,2000-08-31,CRE,2.8904729657957438,670571.9872383378,3.654348017501343,3.6594870275719065,,,,,,,,,,,,,,,,,,,,,2000
45,45,Bank 45,2000-09-30,CRE,4.034988541088988,244567.67239088073,3.4275995586851784,6.0797495262388015,,,,,,,,,,,,,,,,,,,,,2000
46,11,Bank 46,2000-10-31,C&I,4.20772612750693,367258.44906235294,3.247303134160142,6.772520014678489,,,,,,,,,,,,,,,,,,,,,2000
47,22,Bank 47,2000-11-30,Construction,5.853006857713035,505331.9121827185,2.0280183249231976,0.26981687010774746,,,,,,,,,,,,,,,,,,,,,2000
48,6,Bank 48,2000-12-31,Mortgage,4.885187739158473,906051.704839672,1.5318622292802533,5.505083932731094,,,,,,,,,,,,,,,,,,,,,2000
49,6,Bank 49,2001-01-31,Mortgage,5.117513343907741,502652.6445619011,3.6893031737780295,9.90942621152458,175.6,4.1,1020517.0,170.62,,,,,,,,,,,,,,,,,2001
50,35,Bank 50,2001-02-28,Retail,4.12532716845631,876480.1209908644,1.5420371542927198,5.506783912819661,,,,,,,,,,,,,,,,,,,,,2001
51,48,Bank 51,2001-03-31,M&A,5.667154230547526,501332.1363736705,3.2555134185881034,3.3300090923171,,,,,,,,,,,,,,,,,,,,,2001
52,3,Bank 52,2001-04-30,Construction,9.89580121616332,156375.8965647071,1.7443997465162013,4.423820604934025,,,,,,,,,,,,,,,,,,,,,2001
53,20,Bank 53,2001-05-31,CRE,4.866283099279379,671669.158903947,3.2325459305634636,1.0037472351936352,,,,,,,,,,,,,,,,,,,,,2001
54,19,Bank 54,2001-06-30,C&I,2.1483482698589293,769964.8939033083,3.090035334293645,4.391140528324617,,,,,,,,,,,,,,,,,,,,,2001
55,10,Bank 55,2001-07-31,M&A,7.387040084928976,899500.1165108096,2.474028314147703,6.198977490311514,,,,,,,,,,,,,,,,,,,,,2001
56,21,Bank 56,2001-08-31,M&A,7.430078083642221,172150.19118386967,1.1574811006452257,6.216532677637187,,,,,,,,,,,,,,,,,,,,,2001
57,21,Bank 57,2001-09-30,CRE,6.356824764806829,356389.7286726006,4.250771145678037,1.2539331464427572,,,,,,,,,,,,,,,,,,,,,2001
58,48,Bank 58,2001-10-31,C&I,5.283038094067943,541722.6084939691,4.91642937074972,8.128016767981727,,,,,,,,,,,,,,,,,,,,,2001
59,6,Bank 59,2001-11-30,Retail,7.510761150590204,966799.4665500623,4.682525590850363,5.134373672294737,,,,,,,,,,,,,,,,,,,,,2001
60,35,Bank 60,2001-12-31,M&A,7.650602467921901,359530.96466947603,0.5774231135318899,8.027840141418215,,,,,,,,,,,,,,,,,,,,,2001
61,27,Bank 61,2002-01-31,Mortgage,2.759726473882009,360322.0860813942,1.7304637826615523,6.676098311802521,177.7,6.1,1042584.4,176.62,,,,,,,,,,,,,,,,,2002
62,29,Bank 62,2002-02-28,C&I,3.034366113105917,803466.6819087198,1.3015076000753345,2.8747793642645245,,,,,,,,,,,,,,,,,,,,,2002
63,1,Bank 63,2002-03-31,Mortgage,8.644418353338343,290730.8636138984,2.1442054585799406,5.664696488963466,,,,,,,,,,,,,,,,,,,,,2002
64,41,Bank 64,2002-04-30,Retail,3.574883143708141,836129.3545095713,4.70834713960532,6.25365050823345,,,,,,,,,,,,,,,,,,,,,2002
65,39,Bank 65,2002-05-31,Retail,4.149617706222955,601012.7363764374,2.7309098072414653,3.755196615235194,,,,,,,,,,,,,,,,,,,,,2002
66,37,Bank 66,2002-06-30,C&I,7.60524547640936,124292.12391849184,0.9119003160550327,2.013663716719416,,,,,,,,,,,,,,,,,,,,,2002
67,41,Bank 67,2002-07-31,Construction,6.766781426165493,735476.6499638332,3.8721244533689863,8.022542907546683,,,,,,,,,,,,,,,,,,,,,2002
68,27,Bank 68,2002-08-31,C&I,7.886253646545377,814880.3681037767,0.8054934558346324,6.373993507761908,,,,,,,,,,,,,,,,,,,,,2002
69,28,Bank 69,2002-09-30,C&I,7.987771011511244,848241.5742042761,1.520134789835127,2.078217984408156,,,,,,,,,,,,,,,,,,,,,2002
70,21,Bank 70,2002-10-31,Retail,7.565216458228536,322725.02127275476,2.6541166201979727,6.839262311544628,,,,,,,,,,,,,,,,,,,,,2002
71,25,Bank 71,2002-11-30,CRE,9.280303073778489,492119.08598946774,3.3600630570318795,4.1112239335223615,,,,,,,,,,,,,,,,,,,,,2002
72,6,Bank 72,2002-12-31,M&A,5.99857728767967,457634.25485344674,2.418102690450776,8.850194951145117,,,,,,,,,,,,,,,,,,,,,2002
73,50,Bank 73,2003-01-31,Mortgage,6.65476612906813,999101.0071015783,2.2894005483151716,0.356420662389886,182.6,6.7,1052132.3,183.66,,,,,,,,,,,,,,,,,2003
74,35,Bank 74,2003-02-28,CRE,9.847786185661107,914525.0208438437,4.18942042596926,2.275199442935508,,,,,,,,,,,,,,,,,,,,,2003
75,41,Bank 75,2003-03-31,M&A,8.922314779610526,857101.0786304161,3.9669610365452783,9.423011114335516,,,,,,,,,,,,,,,,,,,,,2003
76,31,Bank 76,2003-04-30,Mortgage,7.020496391031401,701488.7575876674,1.2395631245280416,5.985571731917804,,,,,,,,,,,,,,,,,,,,,2003
77,48,Bank 77,2003-05-31,CRE,9.115766111704868,993997.2685963118,3.654785963365343,3.1231621507714356,,,,,,,,,,,,,,,,,,,,,2003
78,40,Bank 78,2003-06-30,CRE,4.809848441683672,398350.9677999449,1.8817261046170315,6.398490640385385,,,,,,,,,,,,,,,,,,,,,2003
79,34,Bank 79,2003-07-31,M&A,2.822546359875891,242114.14572783528,3.5973847933715546,4.176112521847926,,,,,,,,,,,,,,,,,,,,,2003
80,36,Bank 80,2003-08-31,C&I,4.714679863281935,740181.7005606177,1.615510397884037,7.165937175697205,,,,,,,,,,,,,,,,,,,,,2003
81,15,Bank 81,2003-09-30,Construction,3.3609945840749704,856698.7335833155,3.489676334184179,6.346659141372119,,,,,,,,,,,,,,,,,,,,,2003
82,1,Bank 82,2003-10-31,Mortgage,9.8549343446849,542665.4673761409,1.4121861392209238,6.214152208785064,,,,,,,,,,,,,,,,,,,,,2003
83,44,Bank 83,2003-11-30,C&I,4.796085816416273,582217.7830766353,4.6606871998239985,4.021322753204779,,,,,,,,,,,,,,,,,,,,,2003
84,2,Bank 84,2003-12-31,CRE,3.7933369343109913,658251.1103593755,4.759544443422378,6.401111690029325,,,,,,,,,,,,,,,,,,,,,2003
85,39,Bank 85,2004-01-31,Mortgage,6.566410843943553,232218.8706465796,2.433931196522943,8.188617135450112,186.3,6.3,1111189.1,187.48,,,,,,,,,,,,,,,,,2004
86,13,Bank 86,2004-02-29,C&I,6.0728141771700415,618015.5125881942,4.442833132247744,6.186203560602876,,,,,,,,,,,,,,,,,,,,,2004
87,6,Bank 87,2004-03-31,Retail,7.955593295436907,555621.7415016408,1.428839791832699,8.113255542487762,,,,,,,,,,,,,,,,,,,,,2004
88,42,Bank 88,2004-04-30,C&I,5.989873256261256,203934.63748507577,3.883014880679157,5.487928359746977,,,,,,,,,,,,,,,,,,,,,2004
89,48,Bank 89,2004-05-31,CRE,3.5825961279675376,545721.1896082179,4.018940556598581,5.018275225685862,,,,,,,,,,,,,,,,,,,,,2004
90,30,Bank 90,2004-06-30,C&I,3.630553967721508,409308.151399811,4.722681098873356,3.5642531954029666,,,,,,,,,,,,,,,,,,,,,2004
91,33,Bank 91,2004-07-31,Retail,2.1045314682794096,220824.39573198356,4.956913793042691,6.79053130262655,,,,,,,,,,,,,,,,,,,,,2004
92,47,Bank 92,2004-08-31,M&A,3.3043382878273473,865427.7004564598,1.691316644358156,7.384417771551437,,,,,,,,,,,,,,,,,,,,,2004
93,27,Bank 93,2004-09-30,Retail,9.613508718688637,759360.6285911575,2.103018977853897,3.3271408216967533,,,,,,,,,,,,,,,,,,,,,2004
94,18,Bank 94,2004-10-31,C&I,8.413962511839376,840893.597968911,2.905248791906379,0.9766603862920847,,,,,,,,,,,,,,,,,,,,,2004
95,24,Bank 95,2004-11-30,CRE,4.737267295837104,265918.3809391069,2.471169922059189,6.8679901978670586,,,,,,,,,,,,,,,,,,,,,2004
96,35,Bank 96,2004-12-31,M&A,9.080452149676624,159788.14388083376,0.8082546053245963,3.358865807889428,,,,,,,,,,,,,,,,,,,,,2004
97,5,Bank 97,2005-01-31,M&A,8.475144407690234,825291.6214994817,3.267859529527349,4.285364096826822,191.6,5.8,1143413.1,194.12,,,,,,,,,,,,,,,,,2005
98,5,Bank 98,2005-02-28,CRE,3.7624193949270026,331288.6518778852,1.265093213831765,5.640438646686095,,,,,,,,,,,,,,,,,,,,,2005
99,25,Bank 99,2005-03-31,Mortgage,7.349688012027961,310830.7470688799,0.7305279846590578,3.9757379608266934,,,,,,,,,,,,,,,,,,,,,2005
100,49,Bank 100,2005-04-30,Mortgage,7.602151963630435,227467.68678476848,3.049727697052504,3.9347528177824045,,,,,,,,,,,,,,,,,,,,,2005
101,7,Bank 101,2005-05-31,CRE,4.843211346569173,245981.55772308644,3.1250318896999616,2.4390173575758207,,,,,,,,,,,,,,,,,,,,,2005
102,7,Bank 102,2005-06-30,M&A,5.382138265733921,498572.68173918413,1.4225974794412277,5.535105947137217,,,,,,,,,,,,,,,,,,,,,2005
103,2,Bank 103,2005-07-31,Construction,4.717293160048896,805596.9418199293,0.6292838041569027,3.667758611935104,,,,,,,,,,,,,,,,,,,,,2005
104,28,Bank 104,2005-08-31,C&I,9.501495948831625,248152.9442213065,3.2171948463001763,7.553516787190628,,,,,,,,,,,,,,,,,,,,,2005
105,9,Bank 105,2005-09-30,Mortgage,4.136937377353214,344276.0866584737,3.36002901329618,1.3870655932399039,,,,,,,,,,,,,,,,,,,,,2005
106,10,Bank 106,2005-10-31,Construction,4.304985323184934,123663.47738530942,1.435910506147242,3.485022191640016,,,,,,,,,,,,,,,,,,,,,2005
107,12,Bank 107,2005-11-30,M&A,7.256603536369254,936535.7891874736,0.612792352963637,2.566860019280624,,,,,,,,,,,,,,,,,,,,,2005
108,36,Bank 108,2005-12-31,M&A,6.309516130946178,776395.9099828261,0.9903756693356236,0.8429596382074778,,,,,,,,,,,,,,,,,,,,,2005
109,1,Bank 109,2006-01-31,M&A,6.8061969575479795,192124.86679518144,0.9803395528878405,0.3425793238710748,199.3,5.3,1225147.3,205.17,,,,,,,,,,,,,,,,,2006
110,1,Bank 110,2006-02-28,C&I,6.984721064931103,798237.7261383107,4.265075586593511,3.392949371142889,,,,,,,,,,,,,,,,,,,,,2006
111,48,Bank 111,2006-03-31,CRE,4.794551519159598,848898.1218250444,0.5894543571389002,4.528653689936638,,,,,,,,,,,,,,,,,,,,,2006
112,18,Bank 112,2006-04-30,C&I,7.7914686596113825,856399.3813808147,3.856596251209215,0.7838567366195538,,,,,,,,,,,,,,,,,,,,,2006
113,42,Bank 113,2006-05-31,C&I,4.80807026758526,321522.33022111404,4.56743837953607,7.307509886521549,,,,,,,,,,,,,,,,,,,,,2006
114,42,Bank 114,2006-06-30,C&I,8.747788271371451,795026.0873658567,4.891526371115347,7.0410749567833975,,,,,,,,,,,,,,,,,,,,,2006
115,7,Bank 115,2006-07-31,CRE,2.165730402847303,155067.14826997745,1.0862122056572603,7.404616450055042,,,,,,,,,,,,,,,,,,,,,2006
116,12,Bank 116,2006-08-31,M&A,3.436125285862449,667355.364594349,4.600074374015195,8.114102515703216,,,,,,,,,,,,,,,,,,,,,2006
117,30,Bank 117,2006-09-30,Retail,7.369142955355719,201886.83597666642,1.796230625686838,1.7667912318989527,,,,,,,,,,,,,,,,,,,,,2006
118,32,Bank 118,2006-10-31,CRE,7.103939764319067,803498.7911251778,4.1242151701960195,1.683582922121603,,,,,,,,,,,,,,,,,,,,,2006
119,16,Bank 119,2006-11-30,C&I,5.278609685168532,829766.1796529684,2.600941102776967,8.07403633693993,,,,,,,,,,,,,,,,,,,,,2006
120,28,Bank 120,2006-12-31,M&A,7.05760890800907,998927.2603785624,1.7791436464158779,6.357078551380403,,,,,,,,,,,,,,,,,,,,,2006
121,16,Bank 121,2007-01-31,C&I,4.597458212153677,239878.11013196156,3.3863214390152736,4.1770383260732435,203.437,4.4,1288828.7,217.17,,,,,,,,,,,,,,,,,2007
122,8,Bank 122,2007-02-28,C&I,2.889037481996887,672717.519406367,2.2831740991321903,3.938473883863662,,,,,,,,,,,,,,,,,,,,,2007
123,35,Bank 123,2007-03-31,Retail,7.2636148763375745,680468.9723323385,2.7106913042203473,6.2781692473128246,,,,,,,,,,,,,,,,,,,,,2007
124,22,Bank 124,2007-04-30,Construction,5.668486095184071,998151.5987402012,2.8616639740677705,4.1526671659005014,,,,,,,,,,,,,,,,,,,,,2007
125,17,Bank 125,2007-05-31,C&I,6.75052611848954,473950.70965101314,4.989454810659315,1.1382404933554142,,,,,,,,,,,,,,,,,,,,,2007
126,37,Bank 126,2007-06-30,Construction,3.1453807030802734,357264.8745497374,3.8492407957094414,7.338641414110381,,,,,,,,,,,,,,,,,,,,,2007
127,16,Bank 127,2007-07-31,M&A,9.792129145852627,917526.3265326961,4.544867539521108,4.8331247589607145,,,,,,,,,,,,,,,,,,,,,2007
128,33,Bank 128,2007-08-31,C&I,4.739071395690489,274077.72497498157,1.3875272869764341,6.983639320900612,,,,,,,,,,,,,,,,,,,,,2007
129,24,Bank 129,2007-09-30,Mortgage,6.535979603431758,658999.6497212909,2.134669638577981,4.065988948255943,,,,,,,,,,,,,,,,,,,,,2007
130,42,Bank 130,2007-10-31,CRE,3.9427753873980302,883282.9612632995,0.7790008926563061,9.408553814251873,,,,,,,,,,,,,,,,,,,,,2007
131,37,Bank 131,2007-11-30,C&I,8.682138837070887,282590.4320656655,2.3786670856144587,1.4182786259391715,,,,,,,,,,,,,,,,,,,,,2007
132,3,Bank 132,2007-12-31,M&A,7.371915741563557,609610.1969795558,4.522652566644056,2.849690960387705,,,,,,,,,,,,,,,,,,,,,2007
133,32,Bank 133,2008-01-31,CRE,8.145831994657339,484866.23643323657,0.9930205498891806,7.172477070904941,212.174,4.3,1287191.5,224.46,,,,,,,,,,,,,,,,,2008
134,47,Bank 134,2008-02-29,C&I,7.586254998554835,252831.64568201607,0.7204094092250237,8.18404667858127,,,,,,,,,,,,,,,,,,,,,2008
135,46,Bank 135,2008-03-31,Mortgage,8.202554093730758,525916.1559824441,2.9445755833175324,5.1501374352386655,,,,,,,,,,,,,,,,,,,,,2008
136,36,Bank 136,2008-04-30,M&A,6.395941091670495,451698.1773838567,1.827629511055299,5.443597995189175,,,,,,,,,,,,,,,,,,,,,2008
137,27,Bank 137,2008-05-31,Mortgage,8.135112202419556,305881.7950245596,0.8605139834683708,7.551234816116693,,,,,,,,,,,,,,,,,,,,,2008
138,10,Bank 138,2008-06-30,C&I,9.636215337259891,329562.49676404,3.796329665035116,2.1505827859917064,,,,,,,,,,,,,,,,,,,,,2008
139,47,Bank 139,2008-07-31,Construction,2.257595934312379,854571.7257829654,4.4734750077464085,4.55484996146258,,,,,,,,,,,,,,,,,,,,,2008
140,4,Bank 140,2008-08-31,CRE,4.097452969336081,120163.06391118055,4.035150644583204,7.918895601320102,,,,,,,,,,,,,,,,,,,,,2008
141,38,Bank 141,2008-09-30,C&I,8.207174821773275,444309.4083806537,2.6775492410529207,3.425878805749573,,,,,,,,,,,,,,,,,,,,,2008
142,1,Bank 142,2008-10-31,CRE,2.9309334255194175,920995.0904582748,2.5766276194386966,8.801676588274074,,,,,,,,,,,,,,,,,,,,,2008
143,31,Bank 143,2008-11-30,Retail,7.37873879886387,900753.129009391,1.0136678316226777,7.237964162742523,,,,,,,,,,,,,,,,,,,,,2008
144,13,Bank 144,2008-12-31,CRE,4.73279585259469,271818.00814141834,1.4954237767648828,2.7985230034454425,,,,,,,,,,,,,,,,,,,,,2008
145,22,Bank 145,2009-01-31,C&I,5.753878919815642,570683.2871843611,3.4652358020553002,4.4416378583253335,211.933,6.1,1285560.2,227.43,,,,,,,,,,,,,,,,,2009
146,47,Bank 146,2009-02-28,M&A,6.026791344959961,863371.5001700327,1.8108846282274424,8.08298641748191,,,,,,,,,,,,,,,,,,,,,2009
147,10,Bank 147,2009-03-31,Retail,3.6802105840982016,199922.7306049305,4.870602383254494,8.004060936845901,,,,,,,,,,,,,,,,,,,,,2009
148,46,Bank 148,2009-04-30,CRE,9.00926179783115,266779.3741488836,2.298874136872067,8.668176558014892,,,,,,,,,,,,,,,,,,,,,2009
149,23,Bank 149,2009-05-31,C&I,3.8632922497005255,624622.3512425805,2.7007765721339108,1.443469765437517,,,,,,,,,,,,,,,,,,,,,2009
150,11,Bank 150,2009-06-30,C&I,2.0462848795147224,432087.88713728875,4.380575217469467,6.589141489750586,,,,,,,,,,,,,,,,,,,,,2009
151,13,Bank 151,2009-07-31,CRE,5.856899562179446,884188.6023865895,0.8746679527493595,6.774115142917309,,,,,,,,,,,,,,,,,,,,,2009
152,32,Bank 152,2009-08-31,CRE,7.3026970988961555,711228.794470341,2.1224016770429137,7.502342075863886,,,,,,,,,,,,,,,,,,,,,2009
153,8,Bank 153,2009-09-30,C&I,9.807357051735046,543914.4193612713,0.9488277522462181,5.86321395908085,,,,,,,,,,,,,,,,,,,,,2009
154,7,Bank 154,2009-10-31,CRE,6.674679230374896,281718.4715803184,0.5241680797945568,3.4628143294760596,,,,,,,,,,,,,,,,,,,,,2009
155,38,Bank 155,2009-11-30,Retail,4.470550393187044,416834.10704086506,0.6394894635143571,6.1110954699357585,,,,,,,,,,,,,,,,,,,,,2009
156,47,Bank 156,2009-12-31,C&I,6.6282133481002345,271703.54663435015,3.9811880251337812,3.061316059094672,,,,,,,,,,,,,,,,,,,,,2009
157,33,Bank 157,2010-01-31,Mortgage,8.932091802348214,703324.1092867355,4.842714329453486,3.689123338476921,217.488,8.4,1323059.1,221.73,,,,,,,,,,,,,,,,,2010
158,38,Bank 158,2010-02-28,Retail,8.799719839402766,986913.990403638,4.786439989280652,8.701487334698562,,,,,,,,,,,,,,,,,,,,,2010
159,1,Bank 159,2010-03-31,Mortgage,9.978089770772884,729564.2798362462,1.5563505447610533,4.091962944393068,,,,,,,,,,,,,,,,,,,,,2010
160,12,Bank 160,2010-04-30,Retail,4.481859909685382,223084.39804646658,3.5924420911228423,4.863030060456491,,,,,,,,,,,,,,,,,,,,,2010
161,12,Bank 161,2010-05-31,M&A,6.020236234173461,411794.89309860783,4.053558132563086,3.6081178530732427,,,,,,,,,,,,,,,,,,,,,2010
162,5,Bank 162,2010-06-30,C&I,3.0750143019902296,211406.92111946095,2.438434200475923,8.80756343704027,,,,,,,,,,,,,,,,,,,,,2010
163,37,Bank 163,2010-07-31,CRE,3.911154688727324,924803.7330235409,1.7311917581484446,8.648970238558517,,,,,,,,,,,,,,,,,,,,,2010
164,37,Bank 164,2010-08-31,Construction,8.663299645128195,658635.8554525722,3.111231287744596,1.586108608735082,,,,,,,,,,,,,,,,,,,,,2010
165,19,Bank 165,2010-09-30,CRE,6.397599824408928,386453.20201247267,3.2572784596961024,4.917797183250162,,,,,,,,,,,,,,,,,,,,,2010
166,43,Bank 166,2010-10-31,C&I,2.58200953866982,893593.5071959412,3.3170732147096884,7.28101538046522,,,,,,,,,,,,,,,,,,,,,2010
167,50,Bank 167,2010-11-30,C&I,2.3169443460164025,920192.3278781316,4.5484056796677255,1.3171189524757079,,,,,,,,,,,,,,,,,,,,,2010
168,2,Bank 168,2010-12-31,C&I,7.066509026110426,106290.94988352378,4.812338727103571,6.698314680913218,,,,,,,,,,,,,,,,,,,,,2010
169,29,Bank 169,2011-01-31,M&A,7.225995165803383,661140.5638637391,2.1339917307792406,6.432092652593603,221.187,8.2,1370174.9,219.02,,,,,,,,,,,,,,,,,2011
170,31,Bank 170,2011-02-28,Construction,4.405263343288655,561839.3017475563,1.9502297034413898,6.871354700397925,,,,,,,,,,,,,,,,,,,,,2011
171,36,Bank 171,2011-03-31,CRE,2.0874875360064093,245631.17245489178,4.548502520958015,7.821810116548157,,,,,,,,,,,,,,,,,,,,,2011
172,26,Bank 172,2011-04-30,Retail,8.43920610865147,352706.8702736239,3.474831340803196,7.695816350875831,,,,,,,,,,,,,,,,,,,,,2011
173,9,Bank 173,2011-05-31,Mortgage,6.112797524133883,549510.5732864588,4.607599596734853,7.134613896754864,,,,,,,,,,,,,,,,,,,,,2011
174,47,Bank 174,2011-06-30,Retail,4.360824950895352,211862.65007364622,3.636278622901608,1.6725413319586468,,,,,,,,,,,,,,,,,,,,,2011
175,29,Bank 175,2011-07-31,C&I,9.30960852486602,154740.89338145521,1.1107757016953428,7.705104302864608,,,,,,,,,,,,,,,,,,,,,2011
176,10,Bank 176,2011-08-31,C&I,2.785279219477885,429556.4616709448,1.0698895101963684,9.893807717128775,,,,,,,,,,,,,,,,,,,,,2011
177,10,Bank 177,2011-09-30,C&I,8.497627087971711,860670.1167699428,0.8995592012277513,7.793141469422087,,,,,,,,,,,,,,,,,,,,,2011
178,29,Bank 178,2011-10-31,Retail,9.55897695820484,241049.89787858326,1.0627866271032524,4.470832355429467,,,,,,,,,,,,,,,,,,,,,2011
179,14,Bank 179,2011-11-30,C&I,7.706737849062838,917139.1247144911,3.5154562847702056,9.169749092694964,,,,,,,,,,,,,,,,,,,,,2011
180,25,Bank 180,2011-12-31,Retail,8.379995765775519,111147.1456530464,2.9320673923042855,5.29787973528315,,,,,,,,,,,,,,,,,,,,,2011
181,29,Bank 181,2012-01-31,CRE,5.611014036217623,362571.5722211201,4.208179627878459,3.6055044673320866,227.842,7.1,1438354.4,219.89,,,,,,,,,,,,,,,,,2012
182,11,Bank 182,2012-02-29,C&I,9.334850482594629,245593.2192751696,2.3115248823430066,3.43636920225402,,,,,,,,,,,,,,,,,,,,,2012
183,38,Bank 183,2012-03-31,Retail,6.247368478953608,885193.2563264458,3.6176226114598817,0.3269681218001239,,,,,,,,,,,,,,,,,,,,,2012
184,48,Bank 184,2012-04-30,CRE,6.092400985075901,231613.89204714357,3.438749128556354,4.623222673567183,,,,,,,,,,,,,,,,,,,,,2012
185,30,Bank 185,2012-05-31,Retail,5.404778229722868,577127.1762577922,4.7065626419469995,2.150148872200144,,,,,,,,,,,,,,,,,,,,,2012
186,3,Bank 186,2012-06-30,CRE,2.4929535510896406,714207.1747446166,2.1287363303673033,9.530684118015765,,,,,,,,,,,,,,,,,,,,,2012
187,31,Bank 187,2012-07-31,CRE,6.691151081314199,999134.6406771281,4.891405382397452,6.226148182679263,,,,,,,,,,,,,,,,,,,,,2012
188,30,Bank 188,2012-08-31,Mortgage,2.3408203803052645,573778.321852758,4.25085272207022,2.4349962576492903,,,,,,,,,,,,,,,,,,,,,2012
189,10,Bank 189,2012-09-30,M&A,4.498874109927608,618965.4447631706,4.253039046390596,1.46753886518336,,,,,,,,,,,,,,,,,,,,,2012
190,46,Bank 190,2012-10-31,Retail,4.619350287524465,793406.662894434,4.99443342343584,3.7649404055966857,,,,,,,,,,,,,,,,,,,,,2012
191,28,Bank 191,2012-11-30,Retail,7.474056518986749,315024.0275722445,1.5060384557291793,0.7315286918886916,,,,,,,,,,,,,,,,,,,,,2012
192,22,Bank 192,2012-12-31,Construction,6.474817762625462,662832.4936472648,1.7349103931451961,8.235232925531193,,,,,,,,,,,,,,,,,,,,,2012
193,39,Bank 193,2013-01-31,Retail,4.436738579275655,650622.8235322511,3.311078228792317,0.6813738543896742,231.679,6.5,1511806.5,226.63,,,,,,,,,,,,,,,,,2013
194,21,Bank 194,2013-02-28,C&I,7.242873403098556,312155.7781180686,1.8301564344832633,3.798780706716119,,,,,,,,,,,,,,,,,,,,,2013
195,39,Bank 195,2013-03-31,Retail,7.953230206865436,911332.5192925566,2.5969238606156906,3.3516653562049026,,,,,,,,,,,,,,,,,,,,,2013
196,7,Bank 196,2013-04-30,CRE,7.074624912297383,769024.8811740708,3.2594678649352504,6.7310929337618814,,,,,,,,,,,,,,,,,,,,,2013
197,15,Bank 197,2013-05-31,Construction,3.3753485495901794,107678.70625312682,3.794724969869167,8.073156006422598,,,,,,,,,,,,,,,,,,,,,2013
198,18,Bank 198,2013-06-30,Mortgage,6.243882570366722,332110.82242398756,4.485925051359672,6.572823889299926,,,,,,,,,,,,,,,,,,,,,2013
199,13,Bank 199,2013-07-31,Construction,6.439547973978541,396807.4999197721,1.2291810967165324,9.752553138383359,,,,,,,,,,,,,,,,,,,,,2013
200,4,Bank 200,2013-08-31,Mortgage,2.046167185688298,964362.930528475,3.4745890851888395,6.376643471284814,,,,,,,,,,,,,,,,,,,,,2013
201,25,Bank 201,2013-09-30,CRE,8.666836201679555,190034.05875577126,1.474621811004215,5.545247745775779,,,,,,,,,,,,,,,,,,,,,2013
202,47,Bank 202,2013-10-31,M&A,2.594071908646611,668383.2195776572,1.9201641822817792,7.9028281115044745,,,,,,,,,,,,,,,,,,,,,2013
203,14,Bank 203,2013-11-30,C&I,7.421810032707401,649419.451127508,3.9579097462765036,0.6906926342467071,,,,,,,,,,,,,,,,,,,,,2013
204,1,Bank 204,2013-12-31,C&I,8.029559916255081,286611.0544733184,4.494585326391771,2.7627715410014644,,,,,,,,,,,,,,,,,,,,,2013
205,12,Bank 205,2014-01-31,CRE,6.765125927656896,648554.8802229897,3.894937544377617,4.716865676291131,235.288,5.7,1559636.1,241.24,,,,,,,,,,,,,,,,,2014
206,46,Bank 206,2014-02-28,CRE,4.576315801803501,272260.24449486716,1.0950280741945666,7.4633644457763735,,,,,,,,,,,,,,,,,,,,,2014
207,39,Bank 207,2014-03-31,Construction,3.425507699267948,300092.06727759505,4.489929832603748,3.327080725111064,,,,,,,,,,,,,,,,,,,,,2014
208,13,Bank 208,2014-04-30,CRE,4.478971969988257,998771.778346927,1.6211028187843544,4.020554936809316,,,,,,,,,,,,,,,,,,,,,2014
209,39,Bank 209,2014-05-31,Mortgage,3.812807258260678,358717.62035700097,2.6447743776720016,2.5069775382375035,,,,,,,,,,,,,,,,,,,,,2014
210,19,Bank 210,2014-06-30,Retail,2.2456588022072674,395722.72619686974,2.588774172476332,1.748759592749594,,,,,,,,,,,,,,,,,,,,,2014
211,5,Bank 211,2014-07-31,M&A,8.818737585772933,554905.0699982534,4.228387659249096,9.430319575638434,,,,,,,,,,,,,,,,,,,,,2014
212,18,Bank 212,2014-08-31,Retail,2.9263844124322658,748642.1054954417,4.217533599894356,6.644784723558137,,,,,,,,,,,,,,,,,,,,,2014
213,35,Bank 213,2014-09-30,Retail,3.3748448951532577,903089.2326888375,1.9632701332114377,0.8834690742699904,,,,,,,,,,,,,,,,,,,,,2014
214,2,Bank 214,2014-10-31,C&I,5.1656959953678125,739587.9557649925,3.9429200572015386,1.6999661633736554,,,,,,,,,,,,,,,,,,,,,2014
215,18,Bank 215,2014-11-30,Mortgage,3.9317105796272207,591117.9537076154,3.384378676853578,2.5762192832777373,,,,,,,,,,,,,,,,,,,,,2014
216,44,Bank 216,2014-12-31,C&I,2.6544156987865106,253595.1365015413,2.8544603854619686,7.563490945038951,,,,,,,,,,,,,,,,,,,,,2014
217,29,Bank 217,2015-01-31,CRE,6.694089140248776,743574.2952200709,4.045946319521378,2.4659806491277187,234.747,4.5,1634127.1,258.62,,,,,,,,,,,,,,,,,2015
218,24,Bank 218,2015-02-28,Mortgage,7.468404446023934,799030.3250768898,2.8504435555615237,2.5555529136799415,,,,,,,,,,,,,,,,,,,,,2015
219,1,Bank 219,2015-03-31,Mortgage,6.748520198953361,403694.0304207188,3.013606869057037,6.660587403725539,,,,,,,,,,,,,,,,,,,,,2015
220,7,Bank 220,2015-04-30,Construction,8.777496595121649,920278.4872734122,4.9222788079645134,6.160878895612257,,,,,,,,,,,,,,,,,,,,,2015
221,12,Bank 221,2015-05-31,Mortgage,2.6822281273986794,552244.0105266589,0.5348570732649143,3.513021700441933,,,,,,,,,,,,,,,,,,,,,2015
222,39,Bank 222,2015-06-30,C&I,7.845953517776304,938194.071312037,4.872076692857029,8.877266172115501,,,,,,,,,,,,,,,,,,,,,2015
223,36,Bank 223,2015-07-31,CRE,8.420249171710172,796735.4148130331,1.8850033511291118,9.59048913408446,,,,,,,,,,,,,,,,,,,,,2015
224,24,Bank 224,2015-08-31,M&A,6.008616784376155,264285.44586232456,2.600796641398862,9.14289418325402,,,,,,,,,,,,,,,,,,,,,2015
225,4,Bank 225,2015-09-30,Retail,7.805855478374007,990277.965881053,1.7034673190596112,5.670688869397766,,,,,,,,,,,,,,,,,,,,,2015
226,5,Bank 226,2015-10-31,C&I,6.290326149670555,992454.2250731686,1.2230092639570422,3.232247895252548,,,,,,,,,,,,,,,,,,,,,2015
227,19,Bank 227,2015-11-30,Retail,9.8708458507225,810114.9873277856,0.8048065195310954,9.232222488428429,,,,,,,,,,,,,,,,,,,,,2015
228,16,Bank 228,2015-12-31,Construction,3.9989944430463993,513945.17231524806,0.6926549796658183,8.561467587214969,,,,,,,,,,,,,,,,,,,,,2015
229,24,Bank 229,2016-01-31,C&I,4.759476816244878,966072.2286623927,2.5703401782787343,5.403444624651291,237.652,4.5,1633863.3,276.95,,,,,,,,,,,,,,,,,2016
230,4,Bank 230,2016-02-29,Mortgage,5.247774497477706,649482.9131423589,4.520298976682753,4.72158944714238,,,,,,,,,,,,,,,,,,,,,2016
231,45,Bank 231,2016-03-31,CRE,3.884148030379171,101903.02934511071,2.093168975914201,9.827843458056412,,,,,,,,,,,,,,,,,,,,,2016
232,12,Bank 232,2016-04-30,Retail,2.257447521294587,752443.5100519946,2.6924520530025875,7.651193519527718,,,,,,,,,,,,,,,,,,,,,2016
233,19,Bank 233,2016-05-31,CRE,8.932523060714843,950676.2705777889,3.133599528649454,2.660039240377672,,,,,,,,,,,,,,,,,,,,,2016
234,23,Bank 234,2016-06-30,Retail,7.043270097207673,917451.5058314675,4.1249388081619545,5.527991589533767,,,,,,,,,,,,,,,,,,,,,2016
235,44,Bank 235,2016-07-31,Retail,3.546357419632251,571273.4065699633,4.022683869994774,8.324764139838152,,,,,,,,,,,,,,,,,,,,,2016
236,32,Bank 236,2016-08-31,Mortgage,2.5661451171194134,716869.3996486571,1.3587559181876734,8.929019269492493,,,,,,,,,,,,,,,,,,,,,2016
237,26,Bank 237,2016-09-30,Retail,2.8172621239992175,880407.1161924558,1.8387780466537544,7.010015434899144,,,,,,,,,,,,,,,,,,,,,2016
238,8,Bank 238,2016-10-31,Retail,6.4729847052943805,267142.81684472936,2.251119124698061,8.614286494941995,,,,,,,,,,,,,,,,,,,,,2016
239,11,Bank 239,2016-11-30,Construction,7.4926919988909235,782126.5101664693,1.8436111984953867,8.458707593653207,,,,,,,,,,,,,,,,,,,,,2016
240,5,Bank 240,2016-12-31,CRE,3.416322210584603,382789.9160376033,0.5513116254922292,2.4491238867720395,,,,,,,,,,,,,,,,,,,,,2016
241,47,Bank 241,2017-01-31,CRE,4.241583996716532,851102.3205689506,3.483739755738148,3.0889073708499555,243.618,4.8,1667313.0,296.62,,,,,,,,,,,,,,,,,2017
242,38,Bank 242,2017-02-28,CRE,8.240525936607185,823731.6223910353,1.613145745745751,6.952996803006975,,,,,,,,,,,,,,,,,,,,,2017
243,49,Bank 243,2017-03-31,Construction,8.505832097105436,986279.5635108746,3.225871624632527,7.765128633038744,,,,,,,,,,,,,212.0,263538.26242773293,3.690561759291643,2233.0,,,,,2017
244,5,Bank 244,2017-04-30,CRE,6.188371801459531,994412.9842400181,2.8899492906768,5.383383515217622,,,,,,,,,,,,,,,,,,,,,2017
245,32,Bank 245,2017-05-31,Retail,6.587724015891204,868341.8373959862,4.534387009911603,3.3039195100092242,,,,,,,,,,,,,,,,,,,,,2017
246,19,Bank 246,2017-06-30,CRE,4.744964039522953,487523.5530861075,0.5956925057403946,0.3031739826979678,,,,,,,,,,,,,,,,,,,,,2017
247,50,Bank 247,2017-07-31,CRE,2.2063604304124054,323950.790685209,2.5700244129807333,9.898700013683124,,,,,,,,,,,,,,,,,,,,,2017
248,41,Bank 248,2017-08-31,Retail,8.222341523935789,362925.7086963214,0.812717119548522,8.973051551451938,,,,,,,,,,,,,,,,,,,,,2017
249,5,Bank 249,2017-09-30,CRE,9.305825793776672,426178.043514203,1.938928805489816,4.21678999294044,,,,,,,,,,,,,,,,,,,,,2017
250,44,Bank 250,2017-10-31,C&I,8.472704114623884,981810.3138718811,2.7258829668416125,6.9900660977747116,,,,,,,,,,,,,,,,,,,,,2017
251,47,Bank 251,2017-11-30,CRE,2.89447303203913,215192.5941241872,0.8017600884176487,0.20082944669437708,,,,,,,,,,,,,,,,,,,,,2017
252,34,Bank 252,2017-12-31,Mortgage,5.702859966559409,864640.5477004801,4.924196947115291,6.329186988324941,,,,,,,,,,,,,,,,,,,,,2017
253,19,Bank 253,2018-01-31,Construction,3.071180000942441,242091.5860055362,3.8498047855529722,8.543865784980422,248.859,4.1,1746543.3,316.89,,,,,,,,,,,,,,,,,2018
254,22,Bank 254,2018-02-28,Mortgage,2.966877206316986,855376.9203215522,2.5597936466259656,3.1744849531135046,,,,,,,,,,,,,,,,,,,,,2018
255,20,Bank 255,2018-03-31,Retail,7.92310102508616,648506.8520844291,1.8075066183399187,5.617862001346522,,,,,,,,,,,,,,,,,,,,,2018
256,36,Bank 256,2018-04-30,Mortgage,4.809092965943758,506178.54398596927,4.697923452948771,7.59666110266804,,,,,,,,,,,,,,,,,,,,,2018
257,9,Bank 257,2018-05-31,CRE,8.153745269604538,994187.861605173,4.416330540670264,2.335068040262459,,,,,,,,,,,,,,,,,,,,,2018
258,38,Bank 258,2018-06-30,C&I,5.693984732798449,444463.1997477487,3.204862853404504,7.277926259813945,,,,,,,,,,,,,,,,,,,,,2018
259,45,Bank 259,2018-07-31,Mortgage,3.2681103367438364,707519.8784873522,0.9467203435602511,5.173370397441564,,,,,,,,,,,,,,,,,,,,,2018
260,3,Bank 260,2018-08-31,Mortgage,5.3715091732859275,605710.7070284376,3.810241667471403,7.7817525999898605,,,,,,,,,,,,,,,,,,,,,2018
261,31,Bank 261,2018-09-30,CRE,2.8063620431072307,638295.4143887684,3.837039934618996,5.300186181691717,,,,,,,,,,,,,,,,,,,,,2018
262,7,Bank 262,2018-10-31,Retail,7.521247036068298,169928.78565331738,1.3165973108601037,8.508544407140002,,,,,,,,,,,,,,,,,,,,,2018
263,24,Bank 263,2018-11-30,Retail,8.27267608557484,884472.4288001427,1.788561861861965,7.110099870084928,,,,,,,,,,,,,,,,,,,,,2018
264,38,Bank 264,2018-12-31,C&I,4.07618093354694,325939.67758237047,3.1078909883895913,0.9578720405036159,,,,,,,,,,,,,,,,,,,,,2018
265,33,Bank 265,2019-01-31,M&A,7.722417400971388,583475.0420649722,4.351111003862053,4.5686386897775275,252.561,3.7,1806736.1,332.97,,,,,,,,,,,,,,,,,2019
266,19,Bank 266,2019-02-28,Retail,5.365532473472584,228712.25574742904,3.980544559020726,9.468528527673051,,,,,,,,,,,,,,,,,,,,,2019
267,10,Bank 267,2019-03-31,Construction,8.821313547492021,693774.5954518606,1.7686273193817927,9.13178633873622,,,,,,,,,,,,,,,,,,,,,2019
268,47,Bank 268,2019-04-30,Retail,9.318361141996409,729904.888882497,1.3763849451928571,5.920474391275916,,,,,,,,,,,,,,,,,,,,,2019
269,16,Bank 269,2019-05-31,Retail,5.6680507108221025,490756.2841237133,3.2486770023519385,1.9985915331208997,,,,,,,,,,,,,,,,,,,,,2019
270,24,Bank 270,2019-06-30,C&I,3.133504935696388,737896.963586044,0.7450382740972723,0.21887148621936145,,,,,,,,,,,,,,,,,,,,,2019
271,45,Bank 271,2019-07-31,Retail,9.481602154453391,505180.407761929,4.888744181213986,5.371552244483532,,,,,,,,,,,,,,,,,,,,,2019
272,41,Bank 272,2019-08-31,Retail,2.865599441766096,158389.79563107644,2.4446900225690946,6.110969049901193,,,,,,,,,,,,,,,,,,,,,2019
273,13,Bank 273,2019-09-30,C&I,2.4253985657719896,177535.30073498515,4.9893116928988706,4.055518374967992,,,,,,,,,,,,,,,,,,,,,2019
274,17,Bank 274,2019-10-31,Retail,6.02776621651864,682973.3490185303,4.801937622045945,5.732166257425507,,,,,,,,,,,,,,,,,,,,,2019
275,5,Bank 275,2019-11-30,Retail,9.831699261604225,805042.21518764,4.193680227520403,4.194973138308672,,,,,,,,,,,,,,,,,,,,,2019
276,44,Bank 276,2019-12-31,Retail,5.454381302150315,525052.9473293397,3.2413822363678597,3.646976414915747,,,,,,,,,,,,,,,,,,,,,2019
277,10,Bank 277,2020-01-31,CRE,4.784744568219716,636461.4541263664,0.5201345494937213,7.006298721529923,259.127,3.5,1773657.1,349.14,,,,,,,,,,,,,,,,,2020
278,8,Bank 278,2020-02-29,M&A,8.825656813107546,651160.1918288413,3.309545755209263,4.176402283437183,,,,,,,,,,,,,,,,,,,,,2020
279,8,Bank 279,2020-03-31,M&A,3.9632461418341354,101275.03813938351,4.336694696844737,6.388977277829906,,,,,,,,,,,,,,,,,,,,,2020
280,21,Bank 280,2020-04-30,C&I,9.208889843233628,492908.4430966145,1.022526724557902,0.7421454609436859,,,,,,,,,,,,,,,,,,,,,2020
281,47,Bank 281,2020-05-31,Mortgage,9.896578865906477,473576.2310496039,1.841110631417257,9.331312691891744,,,,,,,,,,,,,,,,,,,,,2020
282,47,Bank 282,2020-06-30,Retail,9.915856541116948,472731.15740759944,4.28896208474475,7.8041936111283166,,,,,,,,,,,,,,,,,,,,,2020
283,42,Bank 283,2020-07-31,Retail,4.725433382089527,734398.7044288128,0.6827074238142337,4.697620606707291,,,,,,,,,,,,,,,,,,,,,2020
284,24,Bank 284,2020-08-31,C&I,2.5521954069213404,913463.4216212607,0.599312585483273,9.734047797160365,,,,,,,,,,,,,,,,,,,,,2020
285,42,Bank 285,2020-09-30,Mortgage,2.5182899600519333,736626.2594575353,3.374802888431392,4.541704482563075,,,,,,,,,,,,,,,,,,,,,2020
286,39,Bank 286,2020-10-31,Retail,9.409705071454075,955537.0534731349,4.413121515819219,4.855293262252704,,,,,,,,,,,,,,,,,,,,,2020
287,46,Bank 287,2020-11-30,C&I,2.8528519058600725,798305.1440870762,4.859701515930164,3.70693767678099,,,,,,,,,,,,,,,,,,,,,2020
288,39,Bank 288,2020-12-31,C&I,3.181594185007625,953883.7094637715,1.775892477129514,9.033498794245114,,,,,,,,,,,,,,,,,,,,,2020
289,15,Bank 289,2021-01-31,M&A,8.130340442398303,281089.9556550206,4.116111722792093,5.611885588281754,262.639,6.7,1879101.3,373.97,,,,,,,,,,,,,,,,,2021
290,45,Bank 290,2021-02-28,Construction,3.160998587504003,899476.2968830137,1.2472912753463001,5.509326449289996,,,,,,,,,,,,,,,,,,,,,2021
291,33,Bank 291,2021-03-31,Mortgage,7.636993962779265,271810.724613477,0.7072768578907938,8.288888410700066,,,,,,,,,,,,,,,,,,,,,2021
292,47,Bank 292,2021-04-30,M&A,4.092818538931855,735080.003552571,2.209983564065434,2.1181900784307763,,,,,,,,,,,,,,,,,,,,,2021
293,15,Bank 293,2021-05-31,M&A,4.872917694591789,764377.7532627743,3.560442435440936,9.823384842502277,,,,,,,,,,,,,,,,,,,,,2021
294,47,Bank 294,2021-06-30,Construction,4.734330299743886,135565.63443636202,2.88902125230391,0.5170432050972644,,,,,,,,,,,,,,,,,,,,,2021
295,39,Bank 295,2021-07-31,C&I,8.641270775781232,680732.0663422775,3.5759425630504755,0.8136998860942003,,,,,,,,,,,,,,,,,,,,,2021
296,10,Bank 296,2021-08-31,C&I,2.352020118969236,986715.2755586876,3.316810689522848,4.372836823846091,,,,,,,,,,,,,,,,,,,,,2021
297,44,Bank 297,2021-09-30,CRE,7.942224230947029,793834.2273996192,1.8830025879735786,5.052207445492193,,,,,,,,,,,,,,,,,,,,,2021
298,20,Bank 298,2021-10-31,C&I,2.6080580602010395,901501.2972652393,2.2652276507994538,1.417150220589021,,,,,,,,,,,,,,,,,,,,,2021
299,50,Bank 299,2021-11-30,Construction,7.2705133951954615,408305.3991525247,1.7633913381670854,4.590972074437772,,,,,,,,,,,,,,,,,,,,,2021
300,40,Bank 300,2021-12-31,C&I,6.134994317129404,168999.6327414842,1.3168493794917038,8.539870322091247,,,,,,,,,,,,,,,,,,,,,2021
301,39,Bank 301,2022-01-31,CRE,6.00150067231739,276908.34950511495,1.748085723599992,4.643135886047524,282.542,4.3,1952708.6,458.73,,,,,,,,,,,,,,,,,2022
302,15,Bank 302,2022-02-28,M&A,3.2171194152039835,120463.37070705093,1.9057952689135536,2.6589730010784267,,,,,,,,,,,,,,,,,,,,,2022
303,30,Bank 303,2022-03-31,CRE,5.4592931735988435,943131.1011281717,1.9119789242628773,6.9942264814280755,,,,,,,,,,,,,,,,,,,,,2022
304,22,Bank 304,2022-04-30,Construction,3.3633424204757087,150670.3298975654,4.543380007272679,6.410943671539996,,,,,184.0,86.75355219019428,3.350303844425266,92.7118401760998,,,,,,,,,,,,,2022
305,3,Bank 305,2022-05-31,M&A,8.794909782383904,590529.8842443476,1.473224718852686,3.801874366390812,,,,,,,,,,,,,,,,,,,,,2022
306,13,Bank 306,2022-06-30,CRE,2.0853965078765837,336601.3171899575,1.5878163050401937,9.538417622254846,,,,,,,,,,,,,,,,,,,,,2022
307,38,Bank 307,2022-07-31,C&I,2.1590214848694194,953067.5824774838,0.5437844920926744,1.9354978040380413,,,,,,,,,,,,,,,,,,,,,2022
308,46,Bank 308,2022-08-31,Retail,7.24981130106676,250433.9958233623,3.452154691960799,1.367121169707695,,,,,,,,,,,,,,,,,,,,,2022
309,28,Bank 309,2022-09-30,Mortgage,2.182089375650542,837389.9916729681,3.104568036442813,5.088523400871434,,,,,,,,,,,,,,,,,,,,,2022
310,26,Bank 310,2022-10-31,CRE,4.784903313889497,500208.11728891265,4.520171438482394,9.29993879807977,,,,,,,,,,,,,,,,,,,,,2022
311,5,Bank 311,2022-11-30,Mortgage,2.144308586302646,368774.5213518849,4.298721050336782,6.267463714444471,,,,,,,,,,,,,,,,,,,,,2022
312,4,Bank 312,2022-12-31,Mortgage,3.2712386401046754,165486.64369601005,1.7085850175399155,5.997830460291954,,,,,,,,,,,,,,,,,,,,,2022
313,45,Bank 313,2023-01-31,Construction,3.16121582992234,768603.9128496395,4.441050290961284,7.224917808244264,300.456,4.1,2097090.4,497.45,,,,,,,,,,,,,,,,,2023
314,31,Bank 314,2023-02-28,C&I,4.684745615386188,313854.59024714207,0.5328520577877586,8.141628654309544,,,,,,,,,,,,,,,,,,,,,2023
315,8,Bank 315,2023-03-31,Retail,2.7917623707760155,628032.4518002964,3.5133632948809317,9.640802284933319,,,,,,,,,,,,,,,,,,,,,2023
316,44,Bank 316,2023-04-30,M&A,4.15681612016463,407831.8955488845,2.8759006602850574,0.6630885344203076,,,,,,,,,,,,,,,,,,,,,2023
317,8,Bank 317,2023-05-31,C&I,7.267975727566882,178327.1248669651,2.8433116565653203,9.022296815488316,,,,,,,,,,,,,,,,,,,,,2023
318,19,Bank 318,2023-06-30,Construction,8.573352966553227,588891.1268017634,4.920082596470209,0.800989901601489,,,,,,,,,,,,,,,,,,,,,2023
319,6,Bank 319,2023-07-31,M&A,8.719840222208228,695689.156661828,1.0153739645857156,9.217980681832996,,,,,,,,,,,,,,,,,,,,,2023
320,16,Bank 320,2023-08-31,Retail,8.64199228408565,186621.34783408587,4.311222673308289,4.765487557422705,,,,,,,,,,,,,,,,,,,,,2023
321,28,Bank 321,2023-09-30,Mortgage,4.93929499671168,869165.6546486319,0.7240146556308465,7.771971604719278,,,,,,,,,,,,,,,,,,,,,2023
322,12,Bank 322,2023-10-31,M&A,6.121418479830819,963803.0256134636,3.962415023397664,8.882563212409222,,,,,,,,,,,,,,,,,,,,,2023
323,5,Bank 323,2023-11-30,Retail,7.401808983747304,891795.2600089317,1.4887020082620945,4.689422140465491,,,,,,,,,,,,,,,,,,,,,2023
324,30,Bank 324,2023-12-31,Retail,3.704717280474699,141171.16482551207,2.2391739485533555,5.8436697968670375,,,,,,,,,,,,,,,,,,,,,2023
